1,G,C,O6,H41/H42,1.83/2.03/2.8/3.0,H1,N3,1.86/2.06/2.83/3.03,H21/H22,O2,1.83/2.03/2.8/3.0,,,
1,C,G,H41/H42,O6,1.83/2.03/2.8/3.0,N3,H1,1.86/2.06/2.83/3.03,O2,H21/H22,1.83/2.03/2.8/3.0,,,
1,A,U,N1,H3,1.86/2.06/2.83/3.03,H61/H62,O4,1.83/2.03/2.8/3.0,,,,,,
1,U,A,H3,N1,1.86/2.06/2.83/3.03,O4,H61/H62,1.83/2.03/2.8/3.0,,,,,,
1,G,U,O6,H3,1.83/2.03/2.8/3.0,H1,O2,1.83/2.03/2.8/3.0,,,,,,
1,U,G,H3,O6,1.83/2.03/2.8/3.0,O2,H1,1.83/2.03/2.8/3.0,,,,,,
1,G,A,H1,N1,1.86/2.06/2.83/3.03,O6,H61/H62,1.83/2.03/2.8/3.0,,,,,,
1,A,G,N1,H1,1.86/2.06/2.83/3.03,H61/H62,O6,1.83/2.03/2.8/3.0,,,,,,
1,U,C,H3,N3,1.86/2.06/2.83/3.03,O4,H41/H42,1.83/2.03/2.8/3.0,,,,,,
1,C,U,N3,H3,1.86/2.06/2.83/3.03,H41/H42,O4,1.83/2.03/2.8/3.0,,,,,,
1,A,A,H61/H62,N1,1.85/2.0/2.8/3.0,N1,H6,1.82/2.02/2.8/3.0,,,,,,
1,C,C,N3,H41/H42,1.9/2.1/2.9/3.1,,,,,,,,,
1,U,U,O4,H3,1.8/2.0/2.8/3.0,,,,,,,,,
1,A,C,H61/H62,N3,1.98/2.08/2.8/3.0,,,,,,,,,
1,C,A,N3,H61/H62,1.98/2.08/2.8/3.0,,,,,,,,,
2,A,A,H61/H62,N1,2.33/2.53/3.04/3.24,N1,H61/H62,2.18/2.38/3.04/3.24,,,,,,
2,A,C,H61/H62,N3,2.33/2.53/3.04/3.24,N1,H41/H42,2.18/2.38/3.04/3.24,,,,,,
2,A,U,H61/H62,O2,2.06/2.26/2.93/3.13,N1,H3,2.18/2.38/3.04/3.24,,,,,,
2,C,A,H41/H42,N1,2.33/2.53/3.04/3.24,N3,H61/H62,2.18/2.38/3.04/3.24,,,,,,
2,C,C,H41/H42,O2,2.06/2.26/2.93/3.13,O2,H41/H42,1.98/2.18/2.87/3.07,,,,,,
2,C,G,N3,H21/H22,2.18/2.38/3.04/3.24,O2,H1,1.98/2.18/2.87/3.07,,,,,,
2,C,U,H41/H42,O2,2.06/2.26/2.93/3.13,N3,H3,2.18/2.38/3.04/3.24,,,,,,
2,G,C,H1,O2,2.06/2.26/2.93/3.13,H21/H22,N3,2.33/2.53/3.04/3.24,,,,,,
2,G,G,O6,H1,1.98/2.18/2.87/3.07,H1,O6,2.06/2.26/2.93/3.13,,,,,,
2,G,U,O6,H3,1.98/2.18/2.87/3.07,H1,O4,2.06/2.26/2.93/3.13,,,,,,
2,U,C,H3,N3,2.33/2.53/3.04/3.24,O2,H41/H42,1.98/2.18/2.87/3.07,,,,,,
2,U,G,O4,H1,1.98/2.18/2.87/3.07,H3,O6,2.06/2.26/2.93/3.13,,,,,,
2,U,U,O2,H3,1.98/2.18/2.87/3.07,H3,O2,2.06/2.26/2.93/3.13,,,,,,
3,A,G,H61/H62,O6,2.28/2.08/2.96/3.16,,,,,,,,,
3,A,U,N1,H5,2.56/2.76/2.89/3.09,H61/H62,O4,2.28/2.08/2.96/3.16,,,,,,
3,C,C,N3,H41/H42,2.56/2.76/2.89/3.09,O2,H5,2.41/2.61/3.19/3.39,,,,,,
3,C,G,H41/H42,O6,2.28/2.08/2.96/3.16,,,,,,,,,
3,C,U,H41/H42,O4,2.28/2.08/2.96/3.16,N3,H5,2.56/2.76/2.89/3.09,,,,,,
3,G,A,O6,H61/H62,2.41/2.61/2.94/3.14,H1,N7,1.92/2.12/2.89/3.09,,,,,,
3,G,G,H1,O6,2.28/2.08/2.96/3.16,H21/H22,N7,1.92/2.12/2.89/3.09,,,,,,
3,U,A,O4,H61/H62,2.41/2.61/2.94/3.14,H3,N7,1.92/2.12/2.89/3.09,O2,H8,2.41/2.61/2.94/3.14,,,
3,U,G,H3,N7,1.92/2.12/2.89/3.09,O2,H8,2.41/2.61/2.94/3.14,,,,,,
3,U,U,H3,O4,2.28/2.08/2.96/3.16,O2,H5,2.41/2.61/2.94/3.14,,,,,,
4,A,A,H61/H62,N7,1.88/2.08/2.91/3.13,N1,H61/H62,2.17/2.37/2.81/3.01,,,,,,
4,A,G,H61/H62,N7,1.88/2.08/2.91/3.13,,,,,,,,,
4,C,A,H41/H42,N7,1.88/2.08/2.91/3.13,N3,H61/H62,2.17/2.37/2.81/3.01,,,,,,
4,C,C,O2,H41/H42,1.97/2.17/2.82/3.02,N3,H5,2.17/2.37/2.81/3.01,,,,,,
4,C,G,H41/H42,N7,1.88/2.08/2.91/3.13,,,,,,,,,
4,G,G,H1,N7,1.88/2.08/2.91/3.13,H21/H22,O6,1.84/2.04/2.81/3.01,,,,,,
4,G,U,O6,H5,1.97/2.17/2.82/3.02,H1,O4,1.84/2.04/2.81/3.01,,,,,,
4,U,A,H3,N7,1.88/2.08/2.91/3.13,O2,H61/H62,1.97/2.17/2.82/3.02,,,,,,
4,U,G,O4,H8,1.97/2.17/2.82/3.02,H3,N7,1.88/2.08/2.91/3.13,,,,,,
4,U,U,O4,H5,1.97/2.17/3.43/3.63,H3,O4,1.84/2.04/2.81/3.01,,,,,,
5,A,A,H61/H62,N3,2.16/2.36/2.91/3.11,N1,HO2',2.16/2.36/2.91/3.11,,,,,,
5,C,A,H41/H42,N3,2.16/2.36/2.91/3.11,N3,HO2',2.16/2.36/2.91/3.11,,,,,,
5,G,A,O6,H2,2.28/2.48/2.89/3.09,H1,N3,2.16/2.36/2.91/3.11,H21/H22,O2',2.09/2.29/2.99/3.19,,,
5,U,A,O4,H2,2.28/2.48/2.89/3.09,H3,N3,2.16/2.36/2.91/3.11,O2,HO2',2.01/2.21/2.89/3.09,,,
5,A,C,H61/H62,O2,2.13/2.33/2.99/3.19,N1,HO2',2.16/2.36/2.91/3.11,,,,,,
5,C,C,H41/H42,O2,2.13/2.33/2.99/3.19,N3,HO2',2.16/2.36/2.91/3.11,,,,,,
5,G,C,H1,O2,2.13/2.33/2.99/3.19,H21/H22,O2',2.09/2.29/2.99/3.19,,,,,,
5,U,C,H3,O2,2.13/2.33/2.99/3.19,O2,HO2',2.01/2.21/2.89/3.09,,,,,,
5,A,G,H61/H62,N3,2.16/2.36/2.91/3.11,N1,HO2',2.16/2.36/2.91/3.11,,,,,,
5,C,G,H41/H42,N3,2.16/2.36/2.91/3.11,N3,HO2',2.16/2.36/2.91/3.11,,,,,,
5,G,G,O6,H21/H22,2.28/2.48/2.89/3.09,H21/H22,O2',2.09/2.29/2.99/3.19,,,,,,
5,U,G,O4,H21/H22,2.28/2.48/2.89/3.09,H3,N3,2.16/2.36/2.91/3.11,,,,,,
5,A,U,H61/H62,O2,2.13/2.33/2.99/3.19,N1,HO2',2.16/2.36/2.91/3.11,,,,,,
5,C,U,H41/H42,O2,2.13/2.33/2.99/3.19,N3,HO2',2.16/2.36/2.91/3.11,,,,,,
5,G,U,H1,O2,2.13/2.33/2.99/3.19,H21/H22,O2',2.09/2.29/2.99/3.19,,,,,,
5,U,U,H3,O2,2.13/2.33/2.99/3.19,O2,HO2',2.01/2.21/2.89/3.09,,,,,,
6,A,A,H61/H62,N3,2.13/2.33/2.9/3.1,N1,H2,2.42/2.62/3.21/3.41,,,,,,
6,C,A,H41/H42,HO2',2.6/2.8/3.16/3.36,H41/H42,N3,2.13/2.33/2.9/3.1,,,,,,
6,U,A,H3,N3,2.13/2.33/2.9/3.1,O2,H2,2.49/2.69/3.24/3.44,,,,,,
6,A,C,H61/H62,HO2',2.6/2.8/3.16/3.36,H61/H62,O2,2.13/2.33/2.98/3.18,,,,,,
6,C,C,H41/H42,O2,2.13/2.33/2.98/3.18,H41/H42,O2',2.18/2.38/2.98/3.18,,,,,,
6,G,C,O6,HO2',2.2/2.5/3.16/3.36,H1,O2,2.13/2.33/1.98/3.18,,,,,,
6,U,C,O4,HO2',2.2/2.5/3.16/3.36,H3,O2,2.13/2.33/2.98/2.28,,,,,,
6,A,G,H61/H62,N3,2.13/2.33/2.9/3.1,N1,H21/H22,2.42/2.62/2.9/3.1,,,,,,
6,C,G,H41/H42,O2',2.18/2.38/3.0/3.2,H41/H42,N3,2.13/2.33/2.9/3.1,N3,H21/H22,2.42/2.62/2.9/3.1,,,
6,U,G,O2,H21/H22,2.49/2.69/3.0/3.2,,,,,,,,,
6,A,U,H61/H62,O2',2.18/2.38/2.98/3.18,H61/H62,O2,2.13/2.33/2.98/3.18,,,,,,
6,C,U,H41/H42,O2',2.18/2.38/2.98/3.18,H41/H42,O2,2.13/2.33/2.98/3.18,,,,,,
6,G,U,O6,HO2',2.2/2.4/3.16/3.36,H1,O2,2.13/2.33/2.98/3.18,,,,,,
6,U,U,O4,HO2',2.2/2.4/3.16/3.36,H3,O2,2.13/2.33/2.98/3.18,,,,,,
7,G,A,O6,H61/H62,2.34/2.44/2.93/3.13,,,,,,,,,
7,G,C,O6,H6,2.34/2.44/2.93/3.13,,,,,,,,,
7,A,G,H61/H62,O6,2.69/2.89/2.93/3.13,,,,,,,,,
7,C,G,H6,O6,2.69/2.89/2.93/3.13,,,,,,,,,
7,G,G,O6,H8,2.34/2.44/2.93/3.13,,,,,,,,,
8,A,A,H61/H62,N7,2.73/2.93/3.2/3.4,N7,H61/H62,2.73/2.93/3.2/3.4,,,,,,
8,C,A,H41/H42,N7,2.73/2.93/3.2/3.4,,,,,,,,,
8,G,A,O6,H61/H62,2.51/2.71/3.05/3.25,,,,,,,,,
8,U,A,O4,H61/H62,2.51/2.71/3.05/3.25,,,,,,,,,
8,A,C,N7,H41/H42,2.73/2.93/3.2/3.4,,,,,,,,,
8,G,C,N7,H41/H42,2.73/2.93/3.2/3.4,,,,,,,,,
8,U,C,O4,H41/H42,2.51/2.71/3.05/3.25,,,,,,,,,
8,A,G,H61/H62,O6,2.51/2.71/3.05/3.25,,,,,,,,,
8,C,G,H41/H42,N7,2.73/2.93/3.2/3.4,,,,,,,,,
8,G,G,O6,H8,2.51/2.71/3.05/3.25,,,,,,,,,
8,A,U,H61/H62,O4,2.51/2.71/3.05/3.25,,,,,,,,,
8,C,U,H41/H42,O4,2.51/2.71/3.05/3.25,,,,,,,,,
9,A,A,H61/H62,N3,2.07/2.27/2.9/3.1,,,,,,,,,
9,C,A,H41/H42,N3,2.07/2.27/2.9/3.1,,,,,,,,,
9,G,A,O6,H2,2.35/2.55/3.13/3.33,,,,,,,,,
9,U,A,O4,H2,2.35/2.55/3.13/3.33,,,,,,,,,
9,A,C,H61/H62,O2,2.34/2.54/2.97/3.17,,,,,,,,,
9,C,C,O2',H41/H42,2.53/2.73/3.08/3.28,,,,,,,,,
9,U,C,H5,O2,2.34/2.54/3.67/3.87,,,,,,,,,
9,A,G,N7,H21/H22,1.92/2.12/2.9/3.1,,,,,,,,,
9,C,G,H41/H42,N3,2.07/2.27/2.9/3.1,,,,,,,,,
9,G,G,H21/H22,O6,2.34/2.54/2.97/3.17,,,,,,,,,
9,U,G,O4,H21/H22,2.35/2.55/3.08/3.28,,,,,,,,,
9,A,U,H61/H62,O2,2.34/2.54/2.97/3.17,,,,,,,,,
9,C,U,H41/H42,O2,2.34/2.54/2.97/3.17,,,,,,,,,
9,U,U,O2,H5,2.35/2.55/3.13/3.33,,,,,,,,,
10,A,A,N7,H2,2.55/2.75/3.53/3.73,H61/H62,N3,2.03/2.23/2.93/3.13,H61/H62,O2',2.68/2.88/3.48/3.68,,,
10,C,A,H41/H42,N3,1.82/2.02/2.76/2.96,H41/H42,O2',2.39/2.59/3.26/3.46,,,,,,
10,U,A,O4,H2,2.1/2.3/3.13/3.33,,,,,,,,,
10,A,C,H61/H62,O2,2.0/2.2/2.76/2.96,H61/H62,O2',2.15/2.35/2.83/3.03,,,,,,
10,C,C,H41/H42,O2,1.73/1.92/2.72/2.92,H41/H42,O2',1.97/2.17/2.74/2.94,,,,,,
10,A,G,N7,H21/H22,1.83/2.03/2.8/3.0,H61/H62,N3,2.03/2.23/1.94/3.14,,,,,,
10,G,G,O6,H21/H22,1.78/1.98/2.78/2.98,,,,,,,,,
10,U,G,O4,H21/H22,1.64/1.84/2.63/2.83,,,,,,,,,
10,A,U,H61/H62,O2,1.76/1.96/3.69/3.89,H61/H62,O2',1.98/2.18/2.87/3.07,,,,,,
10,C,U,H41/H42,O2,1.74/1.94/2.71/2.91,H41/H42,O2',2.65/2.85/3.37/3.57,,,,,,
11,A,A,N3,H2,2.36/2.56/3.18/3.38,HO2',N3,2.55/2.75/3.14/3.34,O2',HO2',1.85/2.05/3.03/3.23,,,
11,C,A,HO2ï¿½,N3,2.55/2.75/3.14/3.34,HO2',O2',1.85/2.05/3.03/3.33,,,,,,
11,G,A,H21/H22,N1,2.12/2.32/2.9/3.1,N3,H2,2.36/2.56/3.18/3.38,HO2',N3,2.55/2.75/3.14/3.34,O2',HO2',1.85/2.05/3.03/3.23
11,U,A,O2,H2,2.53/2.73/3.24/3.44,HO2',N3,2.55/2.75/3.14/3.34,HO2',O2',2.57/2.37/3.03/3.23,,,
11,A,C,HO2',O2,2.67/2.84/3.03/3.23,O2',HO2',1.85/2.05/3.03/3.23,,,,,,
11,C,C,HO2',O2,2.67/2.84/3.03/3.23,O2',HO2',1.85/2.05/3.03/3.23,,,,,,
11,G,C,HO2',O2,2.67/2.84/3.03/3.23,O2',HO2',1.85/2.05/3.03/3.23,,,,,,
11,U,C,HO2',O2,2.67/2.84/3.03/3.23,O2',HO2',1.85/2.05/3.03/3.23,,,,,,
11,A,G,N3,H21/H22,2.36/2.56/2.9/3.1,HO2',N3,2.55/2.75/3.14/3.34,O2',HO2',1.85/2.05/3.03/3.23,,,
11,C,G,O2,H21/H22,2.53/2.73/3.14/3.34,HO2',N3,2.55/2.75/3.14/3.34,O2',HO2',1.85/2.05/3.03/3.23,,,
11,G,G,N3,H21/H22,2.36/2.56/2.9/3.1,HO2',N3,2.55/2.75/3.14/3.34,O2',HO2',1.85/2.05/3.03/3.23,,,
11,U,G,O2,H21/H22,2.53/2.73/3.14/3.34,HO2',N3,2.55/2.75/3.14/3.34,O2',HO2',1.85/2.05/3.03/3.23,,,
11,A,U,O2',HO2',1.85/2.05/3.03/3.23,HO2',O2',2.55/2.75/3.14/3.34,,,,,,
11,C,U,HO2',O2,2.67/2.84/3.03/3.23,O2',HO2',1.85/2.05/3.03/3.23,,,,,,
11,G,U,HO2',O2,2.67/2.84/3.03/3.23,O2',HO2',1.85/2.05/3.03/3.23,,,,,,
11,U,U,HO2',O2,2.67/2.84/3.03/3.23,O2',HO2',1.85/2.05/3.03/3.23,,,,,,
12,A,A,N1,HO2',2.21/2.42/3.0/3.2,H2,N3,2.5/2.6/3.37/3.57,N3,H2,2.36/2.56/3.18/3.38,,,
12,A,C,N1,HO2',2.21/2.42/3.0/3.2,H2,O2,2.48/2.68/3.14/3.34,,,,,,
12,A,G,N1,HO2',2.21/2.42/3.0/3.2,H2,N3,2.5/2.6/3.37/3.57,N3,H21/H22,2.36/2.56/2.91/3.11,,,
12,A,U,N1,HO2',2.21/2.42/3.0/3.2,H2,O2,2.48/2.68/3.14/3.34,,,,,,
12,G,A,N3,H2,2.21/2.42/3.0/3.2,H21/H22,N3,2.5/2.6/2.91/3.11,H21/H22,O2',2.09/2.29/3.0/3.2,,,
12,G,C,H21/H22,O2',2.09/2.29/3.0/3.2,H21/H22,O2,2.48/2.68/3.0/3.2,,,,,,
12,G,G,H21/H22,O2',2.09/2.29/3.0/3.2,H21/H22,N3,2.5/2.6/2.91/3.11,N3,H21/H22,2.36/2.56/2.91/3.11,O2',H21/H22,2.09/2.29/2.95/3.15
12,G,U,H21/H22,O2',2.09/2.29/3.0/3.2,H21/H22,O2,2.48/2.68/3.0/3.2,,,,,,
